"condition","cell_type","slice_id","field","hemisphere","field_index","replicate","count","session","session_group","Animal","Group","SliceID","var"
"Intact","TH+","L1.ST8_C","L1.ST8_C.UL_60x.02","UL",2,1,8,"L1.ST8","L1.ST8","L1","Control","L1.ST8_C",8
"Intact","TH+","L1.ST8_C","L1.ST8_C.UL_60x.03","UL",3,1,3,"L1.ST8","L1.ST8","L1","Control","L1.ST8_C",3
"Intact","TH+","L1.ST8_C","L1.ST8_C.UL_60x.05","UL",5,1,10,"L1.ST8","L1.ST8","L1","Control","L1.ST8_C",10
"Intact","TH+","L1.ST8_C","L1.ST8_C.UL_60x.05","UL",5,2,9,"L1.ST8","L1.ST8","L1","Control","L1.ST8_C",9
"Intact","TH+","L1.ST8_C","L1.ST8_C.UL_60x.05","UL",5,3,5,"L1.ST8","L1.ST8","L1","Control","L1.ST8_C",5
"Intact","TH+","L1.ST8_C","L1.ST8_C.UL_60x.05","UL",5,4,11,"L1.ST8","L1.ST8","L1","Control","L1.ST8_C",11
"Intact","TH+","L1.ST8_C","L1.ST8_C.UL_60x.06","UL",6,1,8,"L1.ST8","L1.ST8","L1","Control","L1.ST8_C",8
"Intact","TH+","L2.ST8","L2.ST8.UL_60x03","UL",3,1,14,"L2.ST8","L2.ST8","L2","Control","L2.ST8",14
"Intact","TH+","L3.ST6c","L3.ST6c.UL_60x02","UL",2,1,9,"L3.ST6","L3.ST6","L3","Control","L3.ST6c",9
"Intact","TH+","L3.ST6c","L3.ST6c.UL_60x03","UL",3,1,7,"L3.ST6","L3.ST6","L3","Control","L3.ST6c",7
"Intact","TH+","L3.ST6c","L3.ST6c.UL_60x03","UL",3,2,12,"L3.ST6","L3.ST6","L3","Control","L3.ST6c",12
"Intact","TH+","L3.ST6c","L3.ST6c.UL_60x03","UL",3,3,2,"L3.ST6","L3.ST6","L3","Control","L3.ST6c",2
"Intact","TH+","L3.ST6c","L3.ST6c.UL_60x04","UL",4,1,8,"L3.ST6","L3.ST6","L3","Control","L3.ST6c",8
"Intact","TH+","L3.ST6d","L3.ST6d.UL_60x02","UL",2,1,7,"L3.ST6","L3.ST6","L3","Control","L3.ST6d",7
"Intact","TH+","L3.ST6d","L3.ST6d.UL_60x05","UL",5,1,6,"L3.ST6","L3.ST6","L3","Control","L3.ST6d",6
"Intact","TH+","L4.ST8.B","L4.ST8.B.UL_60x01","UL",1,1,5,"L4.ST8","L4.ST8","L4","Control","L4.ST8.B",5
"Intact","TH+","L4.ST8.B","L4.ST8.B.UL_60x01","UL",1,2,4,"L4.ST8","L4.ST8","L4","Control","L4.ST8.B",4
"Intact","TH+","L4.ST8.B","L4.ST8.B.UL_60x01","UL",1,3,10,"L4.ST8","L4.ST8","L4","Control","L4.ST8.B",10
"Intact","TH+","L4.ST8.B","L4.ST8.B.UL_60x02","UL",2,1,12,"L4.ST8","L4.ST8","L4","Control","L4.ST8.B",12
"Intact","TH+","L4.ST8.B","L4.ST8.B.UL_60x02","UL",2,2,9,"L4.ST8","L4.ST8","L4","Control","L4.ST8.B",9
"Intact","TH+","L4.ST8.B","L4.ST8.B.UL_60x03","UL",3,1,5,"L4.ST8","L4.ST8","L4","Control","L4.ST8.B",5
"Intact","TH+","L4.ST8.B","L4.ST8.B.UL_60x03","UL",3,2,12,"L4.ST8","L4.ST8","L4","Control","L4.ST8.B",12
"Intact","TH+","L4.ST8.B","L4.ST8.B.UL_60x03","UL",3,3,18,"L4.ST8","L4.ST8","L4","Control","L4.ST8.B",18
"Intact","TH+","L4.ST8.B","L4.ST8.B.UL_60x04","UL",4,1,10,"L4.ST8","L4.ST8","L4","Control","L4.ST8.B",10
"Intact","TH+","L4.ST8.B","L4.ST8.B.UL_60x04","UL",4,2,11,"L4.ST8","L4.ST8","L4","Control","L4.ST8.B",11
"Intact","TH+","L4.ST8.B","L4.ST8.B.UL_60x05","UL",5,1,7,"L4.ST8","L4.ST8","L4","Control","L4.ST8.B",7
"Intact","TH+","L4.ST8.B","L4.ST8.B.UL_60x05","UL",5,2,14,"L4.ST8","L4.ST8","L4","Control","L4.ST8.B",14
"Intact","TH+","L4.ST8.B","L4.ST8.B.UL_60x06","UL",6,1,5,"L4.ST8","L4.ST8","L4","Control","L4.ST8.B",5
"Intact","TH+","L4.ST8.B","L4.ST8.B.UL_60x07","UL",7,1,3,"L4.ST8","L4.ST8","L4","Control","L4.ST8.B",3
"Intact","TH+","L4.ST8.B","L4.ST8.B.UL_60x07","UL",7,2,5,"L4.ST8","L4.ST8","L4","Control","L4.ST8.B",5
"Intact","TH+","L4.ST8.B","L4.ST8.B.UL_60x08","UL",8,1,7,"L4.ST8","L4.ST8","L4","Control","L4.ST8.B",7
"Intact","TH+","L4.ST8.B","L4.ST8.B.UL_60x08","UL",8,2,10,"L4.ST8","L4.ST8","L4","Control","L4.ST8.B",10
"Intact","TH+","L4.ST8.C","L4.ST8.C.UL_60x01","UL",1,1,11,"L4.ST8","L4.ST8","L4","Control","L4.ST8.C",11
"Intact","TH+","L4.ST8.C","L4.ST8.C.UL_60x02","UL",2,1,6,"L4.ST8","L4.ST8","L4","Control","L4.ST8.C",6
"Intact","TH+","L4.ST8.C","L4.ST8.C.UL_60x03","UL",3,1,6,"L4.ST8","L4.ST8","L4","Control","L4.ST8.C",6
"Intact","TH+","L4.ST8.C","L4.ST8.C.UL_60x04","UL",4,1,11,"L4.ST8","L4.ST8","L4","Control","L4.ST8.C",11
"Intact","TH+","L4.ST8.C","L4.ST8.C.UL_60x05","UL",5,1,11,"L4.ST8","L4.ST8","L4","Control","L4.ST8.C",11
"Intact","TH+","L4.ST8.C","L4.ST8.C.UL_60x05","UL",5,2,7,"L4.ST8","L4.ST8","L4","Control","L4.ST8.C",7
"Intact","TH+","L4.ST8.C","L4.ST8.C.UL_60x06","UL",6,1,5,"L4.ST8","L4.ST8","L4","Control","L4.ST8.C",5
"Intact","TH+","L4.ST8.C","L4.ST8.C.UL_60x06","UL",6,2,4,"L4.ST8","L4.ST8","L4","Control","L4.ST8.C",4
"Intact","TH+","L4.ST8.C","L4.ST8.C.UL_60x07","UL",7,1,0,"L4.ST8","L4.ST8","L4","Control","L4.ST8.C",0
"Intact","TH+","L4.ST8.C","L4.ST8.C.UL_60x08","UL",8,1,13,"L4.ST8","L4.ST8","L4","Control","L4.ST8.C",13
"Lesioned","TH+","L1.ST8_C","L1.ST8_C.L_60x.03","L",3,1,4,"L1.ST8","L1.ST8","L1","6OHDA","L1.ST8_C",4
"Lesioned","TH+","L1.ST8_C","L1.ST8_C.L_60x.03","L",3,2,5,"L1.ST8","L1.ST8","L1","6OHDA","L1.ST8_C",5
"Lesioned","TH+","L1.ST8_C","L1.ST8_C.L_60x.04","L",4,1,5,"L1.ST8","L1.ST8","L1","6OHDA","L1.ST8_C",5
"Lesioned","TH+","L1.ST8_C","L1.ST8_C.L_60x.04","L",4,2,3,"L1.ST8","L1.ST8","L1","6OHDA","L1.ST8_C",3
"Lesioned","TH+","L1.ST8_C","L1.ST8_C.L_60x.04","L",4,3,6,"L1.ST8","L1.ST8","L1","6OHDA","L1.ST8_C",6
"Lesioned","TH+","L1.ST8_C","L1.ST8_C.L_60x.05","L",5,1,4,"L1.ST8","L1.ST8","L1","6OHDA","L1.ST8_C",4
"Lesioned","TH+","L2.ST8","L2.ST8.L_60x04","L",4,1,1,"L2.ST8","L2.ST8","L2","6OHDA","L2.ST8",1
"Lesioned","TH+","L3.ST6c","L3.ST6c.L_60x01","L",1,1,8,"L3.ST6","L3.ST6","L3","6OHDA","L3.ST6c",8
"Lesioned","TH+","L3.ST6c","L3.ST6c.L_60x04","L",4,1,9,"L3.ST6","L3.ST6","L3","6OHDA","L3.ST6c",9
"Lesioned","TH+","L3.ST6c","L3.ST6c.L_60x06","L",6,1,14,"L3.ST6","L3.ST6","L3","6OHDA","L3.ST6c",14
"Lesioned","TH+","L3.ST6c","L3.ST6c.L_60x06","L",6,2,2,"L3.ST6","L3.ST6","L3","6OHDA","L3.ST6c",2
"Lesioned","TH+","L3.ST6c","L3.ST6c.L_60x06","L",6,3,5,"L3.ST6","L3.ST6","L3","6OHDA","L3.ST6c",5
"Lesioned","TH+","L3.ST6c","L3.ST6c.L_60x07","L",7,1,6,"L3.ST6","L3.ST6","L3","6OHDA","L3.ST6c",6
"Lesioned","TH+","L3.ST6c","L3.ST6c.L_60x07","L",7,2,3,"L3.ST6","L3.ST6","L3","6OHDA","L3.ST6c",3
"Lesioned","TH+","L3.ST6d","L3.ST6d.L_60x01","L",1,1,11,"L3.ST6","L3.ST6","L3","6OHDA","L3.ST6d",11
"Lesioned","TH+","L3.ST6d","L3.ST6d.L_60x01","L",1,2,5,"L3.ST6","L3.ST6","L3","6OHDA","L3.ST6d",5
"Lesioned","TH+","L3.ST6d","L3.ST6d.L_60x01","L",1,3,7,"L3.ST6","L3.ST6","L3","6OHDA","L3.ST6d",7
"Lesioned","TH+","L3.ST6d","L3.ST6d.L_60x02","L",2,1,7,"L3.ST6","L3.ST6","L3","6OHDA","L3.ST6d",7
"Lesioned","TH+","L3.ST6d","L3.ST6d.L_60x04","L",4,1,5,"L3.ST6","L3.ST6","L3","6OHDA","L3.ST6d",5
"Lesioned","TH+","L3.ST6d","L3.ST6d.L_60x05","L",5,1,6,"L3.ST6","L3.ST6","L3","6OHDA","L3.ST6d",6
"Lesioned","TH+","L4.ST8.B","L4.ST8.B.L_60x01","L",1,1,2,"L4.ST8","L4.ST8","L4","6OHDA","L4.ST8.B",2
"Lesioned","TH+","L4.ST8.B","L4.ST8.B.L_60x02","L",2,1,5,"L4.ST8","L4.ST8","L4","6OHDA","L4.ST8.B",5
"Lesioned","TH+","L4.ST8.B","L4.ST8.B.L_60x02","L",2,2,6,"L4.ST8","L4.ST8","L4","6OHDA","L4.ST8.B",6
"Lesioned","TH+","L4.ST8.B","L4.ST8.B.L_60x03","L",3,1,5,"L4.ST8","L4.ST8","L4","6OHDA","L4.ST8.B",5
"Lesioned","TH+","L4.ST8.B","L4.ST8.B.L_60x03","L",3,2,4,"L4.ST8","L4.ST8","L4","6OHDA","L4.ST8.B",4
"Lesioned","TH+","L4.ST8.B","L4.ST8.B.L_60x04","L",4,1,9,"L4.ST8","L4.ST8","L4","6OHDA","L4.ST8.B",9
"Lesioned","TH+","L4.ST8.B","L4.ST8.B.L_60x04","L",4,2,4,"L4.ST8","L4.ST8","L4","6OHDA","L4.ST8.B",4
"Lesioned","TH+","L4.ST8.B","L4.ST8.B.L_60x05","L",5,1,5,"L4.ST8","L4.ST8","L4","6OHDA","L4.ST8.B",5
"Lesioned","TH+","L4.ST8.B","L4.ST8.B.L_60x05","L",5,2,9,"L4.ST8","L4.ST8","L4","6OHDA","L4.ST8.B",9
"Lesioned","TH+","L4.ST8.B","L4.ST8.B.L_60x06","L",6,1,9,"L4.ST8","L4.ST8","L4","6OHDA","L4.ST8.B",9
"Lesioned","TH+","L4.ST8.B","L4.ST8.B.L_60x06","L",6,2,9,"L4.ST8","L4.ST8","L4","6OHDA","L4.ST8.B",9
"Lesioned","TH+","L4.ST8.B","L4.ST8.B.L_60x06","L",6,3,5,"L4.ST8","L4.ST8","L4","6OHDA","L4.ST8.B",5
"Lesioned","TH+","L4.ST8.B","L4.ST8.B.L_60x07","L",7,1,3,"L4.ST8","L4.ST8","L4","6OHDA","L4.ST8.B",3
"Lesioned","TH+","L4.ST8.B","L4.ST8.B.L_60x07","L",7,2,4,"L4.ST8","L4.ST8","L4","6OHDA","L4.ST8.B",4
"Lesioned","TH+","L4.ST8.C","L4.ST8.C.L_60x04","L",4,1,2,"L4.ST8","L4.ST8","L4","6OHDA","L4.ST8.C",2
"Lesioned","TH+","L4.ST8.C","L4.ST8.C.L_60x05","L",5,1,9,"L4.ST8","L4.ST8","L4","6OHDA","L4.ST8.C",9
"Lesioned","TH+","L4.ST8.C","L4.ST8.C.L_60x06","L",6,1,7,"L4.ST8","L4.ST8","L4","6OHDA","L4.ST8.C",7
"Lesioned","TH+","L4.ST8.C","L4.ST8.C.L_60x06","L",6,2,6,"L4.ST8","L4.ST8","L4","6OHDA","L4.ST8.C",6
"Lesioned","TH+","L4.ST8.C","L4.ST8.C.L_60x07","L",7,1,7,"L4.ST8","L4.ST8","L4","6OHDA","L4.ST8.C",7
"Lesioned","TH+","L4.ST8.C","L4.ST8.C.L_60x07","L",7,2,7,"L4.ST8","L4.ST8","L4","6OHDA","L4.ST8.C",7
"Lesioned","TH+","L4.ST8.C","L4.ST8.C.L_60x07","L",7,3,3,"L4.ST8","L4.ST8","L4","6OHDA","L4.ST8.C",3
"Lesioned","TH+","L4.ST8.C","L4.ST8.C.L_60x07","L",7,4,7,"L4.ST8","L4.ST8","L4","6OHDA","L4.ST8.C",7
"Lesioned","TH+","L4.ST8.C","L4.ST8.C.L_60x08","L",8,1,12,"L4.ST8","L4.ST8","L4","6OHDA","L4.ST8.C",12
"Lesioned","TH+","L4.ST8.C","L4.ST8.C.L_60x08","L",8,2,9,"L4.ST8","L4.ST8","L4","6OHDA","L4.ST8.C",9
"Lesioned","TH+","L4.ST8.C","L4.ST8.C.L_60x08","L",8,3,9,"L4.ST8","L4.ST8","L4","6OHDA","L4.ST8.C",9
